<?xml version="1.0" encoding="UTF-8"?>
<kcfg xmlns="http://www.kde.org/standards/kcfg/1.0"
      xmlns:xsi="http://www.w3.org/2001/XMLSchema-instance"
      xsi:schemaLocation="http://www.kde.org/standards/kcfg/1.0
      http://www.kde.org/standards/kcfg/1.0/kcfg.xsd" >
  <kcfgfile name=""/>

  <group name="General">
    <entry name="displayPosition" type="Enum">
    <label>Position.</label>
    <choices name="Settings::displayPosition">
      <choice name="Default" />
      <choice name="Center" />
      <choice name="CenterBottom" />
    </choices>
    <default>2</default>
    </entry>

    <entry name="icon" type="String">
      <default>start-here-kde</default>
    </entry>
    <entry name="useCustomButtonImage" type="Bool">
      <default>false</default>
    </entry>
    <entry name="customButtonImage" type="Url">
      <default></default>
    </entry>

    <entry name="showFilterList" type="Bool">
      <default>true</default>
    </entry>

    <entry name="appNameFormat" type="Int">
      <default>0</default>
    </entry>
    <entry name="limitDepth" type="Bool">
      <default>false</default>
    </entry>

    <entry name="numberColumns" type="Int">
    <default>6</default>
    </entry>

    <entry name="numberRows" type="Int">
    <default>3</default>
    </entry>
    <entry name="defaultSize" type="String">
    <default>Medium</default>
    </entry>
    <entry name="favoriteApps" type="StringList">
      <default>preferred://browser,kontact.desktop,systemsettings.desktop,org.kde.dolphin.desktop,ktp-contactlist.desktop,org.kde.kate.desktop</default>
    </entry>
    <entry name="favoriteSystemActions" type="StringList">
      <default>logout,lock-screen,reboot,shutdown</default>
    </entry>
    <entry name="hiddenApplications" type="StringList">
      <default></default>
    </entry>

    <entry name="useExtraRunners" type="Bool">
      <default>true</default>
    </entry>
    <entry name="extraRunners" type="StringList">
      <default>bookmarks,baloosearch</default>
    </entry>
    <entry name="alignResultsToBottom" type="Bool">
      <default>true</default>
    </entry>
    <entry name="switchCategoriesOnHover" type="Bool">
      <label>Whether to switch between menu categories by hovering them.</label>
      <default>true</default>
    </entry>
    <entry name="labels2lines" type="Bool">
      <default>true</default>
    </entry>
    <entry name="removeApplicationCommand" type="String">
      <default>muon-discover --application</default>
    </entry>
    <entry name="iconSmooth" type="Bool">
      <default>false</default>
    </entry>
    <entry name="showAtCenter" type="Bool">
       <default>true</default>
   </entry>

    <entry name="showFavoritesFirst" type="Bool">
       <default>false</default>
   </entry>

    <entry name="favoritesPortedToKAstats" type="Bool">
      <label>Are the favorites ported to use KActivitiesStats to allow per-activity favorites</label>
      <default>false</default>
    </entry>

    <entry name="viewUser" type="Bool">
    <default>true</default>
    </entry>

  </group>
</kcfg>
