{
    "KPackageStructure": "Plasma/Applet",
    "KPlugin": {
        "Authors": [
            {
                "Email": "mvourlakos@gmail.com",
                "Name": "Michail Vourlakos"
            }
        ],
        "Category": "Windows and Tasks",
        "Description": "Window buttons for your panels",
        "Icon": "focus-windows",
        "Id": "org.kde.windowbuttons",
        "License": "GPLv2",
        "Name": "Window Buttons",
        "Version": "0.11.1",
        "Website": "https://github.com/psifidotos/applet-window-buttons"
    },
    "Keywords": "window buttons",
    "X-Plasma-API": "declarativeappletscript",
    "X-Plasma-MainScript": "ui/main.qml",
    "X-Plasma-API-Minimum-Version": "6.0"
}
