{
	"KPlugin": {
		"Authors": [
			{
				"Email": "zrenfire@gmail.com",
				"Name": "Chris Holland"
			}
		],
		"Category": "Environment and Weather",
		"Description": "Daily weather forecast icons with min/max temp.",
		"Icon": "weather-clear",
		"Id": "com.github.zren.dailyforecast",
		"Name": "Daily Forecast",
		"ServiceTypes": [
			"Plasma/Applet"
		],
		"Version": "6",
		"Website": "https://github.com/Zren/plasma-applet-dailyforecast"
	},
	"X-Plasma-API": "declarativeappletscript",
	"X-Plasma-MainScript": "ui/main.qml"
}
